{
	"User-Snippets": [
		{
			"key": "setup",
			"code": [
				"void setup() {",
				"    size($, $);",
				"    $",
				"}"
			]
		}, 
		{
			"key": "draw",
			"code": [
				"void draw() {",
				"    background($);",
				"    $",
				"}"
			]
		},
		{
			"key": "mpres",
			"code": [
				"void mousePressed() {",
				"    $",
				"}"
			]
		},
		{
			"key": "mclick",
			"code": [
				"void mouseClicked() {",
				"    $",
				"}"
			]
		},
		{
			"key": "mrele",
			"code": [
				"void mouseReleased() {",
				"    $",
				"}"
			]
		},
		{
			"key": "kpres",
			"code": [
				"void keyPressed() {",
				"    $",
				"}"
			]
		},
		{
			"key": "ktype",
			"code": [
				"void keyTyped() {",
				"    $",
				"}"
			]
		},
		{
			"key": "krele",
			"code": [
				"void keyReleased() {",
				"    $",
				"}"
			]
		},
		{
			"key": "pln",
			"code": [
				"println($);$"
			]
		},
		{
			"key": "class:",
			"code": [
				"class # {",
				"    ",
				"    #() {",
				"        $",
				"    }",
				"}"
			]
		},
		{
			"key": "rand:",
			"code": [
				"color # = (int) random(0xff000000);"
			]
		},
		{
			"key": "void:",
			"code": [
				"void #($) {",
				"    $",
				"}"
			]
		},
		{
			"key": "int:",
			"code": [
				"int #($) {",
				"    return $",
				"}"
			]
		},
		{
			"key": "instanceof:",
			"code": [
				"if (@ instanceof #) {",
				"    # obj = (#) @;",
				"    $",
				"}"
			]
		},
		{
			"key": "try:",
			"code": [
				"try {",
				"    #$",
				"} catch (Exception e) {",
				"    e.printStackTrace();",
				"}"
			]
		}
	]
}
